ID,Name,Gender,Country,Drug Company
1,Kamillah Silversmidt,F,ID,ORIGINS NATURAL RESOURCES INC.
2,Nick Possa,F,RU,"Chattem, Inc."
3,Merridie Connaughton,M,CN,Wal-Mart Stores Inc
4,Vernen Montez,F,CN,Quality Home Products
5,Fredericka Giberd,M,PH,Topco Associates LLC
6,Sal Greendale,M,PT,"Speer Laboratories, LLC"
7,Rania Goold,M,MA,"Church & Dwight Co., Inc."
8,Lauritz Nezey,M,PE,"Accra-Pac, Inc."
9,Howey Hamal,F,CN,Genzyme Corporation
10,Vinny Sheddan,F,CR,Biogen Idec Inc.
11,Buddie Streeten,F,AR,"PD-Rx Pharmaceuticals, Inc."
12,Ebba Coen,M,PH,"SAMSUNG PHARM IND. CO., LTD."
13,Benita Eleshenar,M,ID,Clinical Solutions Wholesale
14,Neda Feige,F,IR,Teva Pharmaceuticals USA Inc
15,Ferris Gellan,M,CN,"H.J. Harkins Company, Inc."
16,Daisie Lummis,M,PH,CLOETTA ITALIA S.r.l.
17,Wilhelmine Diggons,M,CN,"TARO PHARMACEUTICALS U.S.A., INC."
18,Clyve Stoppard,F,FR,Bryant Ranch Prepack
19,Rufus Buckenhill,F,RU,"Watson Laboratories, Inc."
20,Joline Fynes,M,CN,Strides Pharma Inc
21,Kristien Devon,F,IR,REMEDYREPACK INC.
22,Viola Goozee,M,ZA,"Hospira, Inc."
23,Carina Rebanks,M,GR,"Physicians Total Care, Inc."
24,Heall Ever,M,CN,"Silarx Pharmaceuticals, Inc"
25,Helli Storr,M,UZ,Novartis Pharmaceuticals Corporation
26,Lanna Peplaw,M,IE,Carilion Materials Management
27,Roseanna Reffe,M,CN,"CodaDose, Inc."
28,Michelina Beards,F,CZ,"Navarro Discount Pharmacies,LLC"
29,Batholomew Creamer,F,RU,"Johnson & Johnson Healthcare Products Inc., Division of McNEIL-PPC, Inc."
30,Jeanie Chimienti,F,KZ,"Nelco Laboratories, Inc."
31,Loleta Pavlov,M,BR,"Med Health Pharma, LLC"
32,Lek Bachelar,M,FR,Pure Source
33,Junie Austin,M,PH,Jubilant HollisterStier LLC
34,Margaretha Howsego,F,CN,Conopco Inc. d/b/a Unilever
35,Meredeth Yakunkin,F,AL,"DAVA Pharmaceuticals, Inc."
36,Emilia Clare,M,CN,Eli Lilly and Company
37,Chen Mulholland,M,ID,"H.J. Harkins Company, Inc."
38,Rowan Castletine,F,RS,STAT RX USA LLC
39,Analiese Tench,F,BS,AMOREPACIFIC
40,Audi Howlin,M,CD,DZA Brands LLC
41,Fidelia Buckleigh,M,CN,"Avon Products, Inc."
42,Dode Matzel,M,GE,Physicians Formula Inc
43,Savina Boxer,F,RU,Aurobindo Pharma Limited
44,Granny Coye,M,ID,Bryant Ranch Prepack
45,Gerry Warne,F,IL,Publix Super Markets Inc
46,Carolina Frane,M,PL,"Nelco Laboratories, Inc."
47,Ginnifer Byres,M,VN,KMart Corporation
48,Brantley Huge,M,CN,Cadila Healthcare Limited
49,Lynnet Preshous,F,UA,"Prostemics Co., Ltd."
50,Shanda Arkow,M,CO,"Apotheca, Inc."
51,Zacharia Burfoot,F,BR,ESTEE LAUDER INC.
52,Marquita McTrustrie,F,PK,"BioActive Nutritional, Inc."
53,Greg Ronisch,F,HR,"GRIFOLS USA, LLC"
54,Minnaminnie McCool,F,PE,"BioActive Nutritional, Inc."
55,Darrell Lammas,F,ID,Rebel Distirbutors Corp
56,Olimpia Risby,M,BR,Natural Health Supply
57,Therese Calven,F,GE,American Sales Company
58,Linnet Pyle,M,DE,"Accra-Pac, Inc."
59,Nickolai Ruckman,M,PE,Kremers Urban Pharmaceuticals Inc.
60,Amelia MacAndie,F,BR,Procter & Gamble Manufacturing Co.
61,Walden Bravey,M,AR,"Dispensing Solutions, Inc."
62,Tobye Mieville,F,UZ,Wal-Mart Stores Inc
63,Gertrud Gilloran,M,JP,Kroger Company
64,Andy Stenton,M,RU,Kmart Corporation
65,Karia Hrinishin,F,AR,"Pharma Pac, LLC"
66,Jorry Kilius,M,MX,"SJ Creations, Inc."
67,Margaretha Balharry,M,UG,"Golden State Medical Supply, Inc."
68,Derron Dibdale,F,CZ,Unifirst First Aid Corporation
69,Cathy Searl,M,IS,L. Perrigo Company
70,Minor Yushankin,F,SY,KAISER FOUNDATION HOSPITALS
71,Jackqueline Micklem,M,CN,"Mallinckrodt, Inc."
72,Gabie Duggon,M,US,"C.O. Truxton, Inc."
73,Felice Terren,F,SL,BJWC
74,Evangelin Gleave,F,CN,Sun Pharma Global FZE
75,Lesya Scandrick,M,PL,Sagent Pharmaceuticals
76,Camala Mesnard,M,CN,"Cypress Pharmaceutical, Inc."
77,Yolanthe Briscow,M,CN,Teva Pharmaceuticals USA Inc
78,Amandie Hanhard,M,CU,"Physicians Total Care, Inc."
79,Sheila Andover,M,CN,American Sales Company
80,Linnet Bastie,F,NP,Sandoz Inc
81,Sabra McAusland,F,MK,H E B
82,Wyatt Rudiger,M,CD,Mary Kay Inc.
83,Piotr Metzing,F,VE,A-S Medication Solutions LLC
84,Arleen Bikker,F,CN,"MedVantx, Inc."
85,Daryl Finley,F,AF,Space Brands Limited
86,Clovis Ickovicz,F,CN,"SJ Creations, Inc."
87,Aurlie Leuty,F,TH,Mylan Institutional Inc.
88,Vivianna Stickford,M,CN,Parke-Davis Div of Pfizer Inc
89,Krystyna Tefft,F,CZ,"Native Remedies, LLC"
90,Lorrayne Williamson,M,CN,"Upsher-Smith Laboratories, Inc."
91,Clemmy Cleall,M,PT,"Physicians Total Care, Inc."
92,Goldi Corbie,F,ID,Baxter Healthcare Corporation
93,Lissa Letchford,M,AR,"Antigen Laboratories, Inc."
94,Hortensia Angelini,F,BA,Deliz Pharmaceutical Corp
95,Jacquie Irnys,F,ES,REMEDYREPACK INC.
96,Jermain Burgess,M,CN,"Antigen Laboratories, Inc."
97,Morgan Huglin,M,BR,Guthy-Renker LLC
98,Hanson Behnke,M,CZ,"PD-Rx Pharmaceuticals, Inc."
99,Gillan Williams,F,ID,Neutrogena Corporation
100,Martino M'Quharge,F,RU,"Antigen Laboratories, Inc."
101,Xena Parr,M,JP,"McNeil Consumer Healthcare Div. McNeil-PPC, Inc"
102,Isaiah Butts,M,PH,REMEDYREPACK INC.
103,Berte Dennick,M,CN,Uriel Pharmacy Inc.
104,Findley Heap,M,CZ,Aero-Med Ltd
105,Ruttger Kensy,M,PL,BJWC
106,Farra Bateson,M,BR,Family Dollar
107,Sam Nesey,M,SE,Procter & Gamble Manufacturing Company
108,Danya Clyant,F,FR,BCM Ltd
109,Drucill Ramsell,M,FR,"ProPhase Labs, Inc."
110,Lynn Vallentin,F,PH,Qualitest Pharmaceuticals
111,Rosy Bicker,M,JP,Actavis Mid Atlantic LLC
112,Creigh Jeves,F,PE,BJWC
113,Clywd Hawkett,M,RU,UNITED EXCHANGE CORP.
114,Brianna Safell,M,GR,Reckitt Benckiser LLC
115,Saunders Crowdace,F,ID,"GOJO Industries, Inc."
116,Bernie Dobbyn,M,PE,Liddell Laboratories
117,Tatiania Shyram,F,UG,Mylan Pharmaceuticals Inc.
118,Rafi Balaisot,F,US,Kroger Company
119,Dannie Pay,M,RU,"Hospira, Inc."
120,Stearne Murphey,F,RU,"DOLGENCORP, LLC"
121,Desdemona Gullam,M,NG,Walgreen Company
122,Daffy Eeles,F,CO,"Watson Laboratories, Inc."
123,Pattie Broadhurst,M,RU,TOP CARE (Topco Associates LLC)
124,Tremain Beat,M,CN,"Nelco Laboratories, Inc."
125,Guntar Garling,M,CN,"E.R. Squibb & Sons, L.L.C."
126,Deva Kelcher,F,IR,"Matrixx Initiatives, Inc."
127,Rosalinda Bathoe,M,TH,Mylan Institutional Inc.
128,Henrik Bortolutti,M,NZ,"AvKARE, Inc."
129,Corey Bedward,M,CN,State of Florida DOH Central Pharmacy
130,Seth Vanyatin,F,SE,Moore Medical LLC
131,Luis Kerswill,M,JO,"Nelco Laboratories, Inc."
132,Serge Roebottom,F,CD,Cintas Corp.
133,Dodi Lindenfeld,F,CZ,"SJ Creations, Inc."
134,Kathie Wheal,M,FR,"ALK-Abello, Inc."
135,Christopher Kubyszek,F,CN,Western Family Foods Inc
136,Devonna Northeast,M,BR,REMEDYREPACK INC.
137,Ekaterina Palmar,F,RU,"Aphena Pharma Solutions - Tennessee, LLC"
138,Happy Drysdall,M,RU,Lake Erie Medical DBA Quality Care Products LLC
139,Rosette Dredge,F,CO,Meijer Distribution Inc
140,Riccardo Victor,F,MX,PharmaDerm a division of Fougera Pharmaceuticals Inc.
141,Willie Rodrigo,M,CN,"Physicians Total Care, Inc."
142,Delbert Dewan,M,BR,"Mallinckrodt, Inc."
143,Teresina Fardy,M,RU,"Shopko Stores Operating Co., LLC"
144,Gus Fennell,M,CN,Jubilant HollisterStier LLC
145,Luise Lune,F,ID,"Daiichi Sankyo, Inc."
146,Bartolemo Geertsen,F,PH,KAISER FOUNDATION HOSPITALS
147,Binni Ailsbury,F,CN,Apotheca Company
148,Bernadene de Villier,M,ID,Rebel Distributors Corp
149,Nerissa Field,M,TN,"Chiesi USA, Inc."
150,Ardelle Choke,F,ID,Aidarex Pharmaceuticals LLC
151,Alethea Spada,F,UA,"Avon Products, Inc."
152,Malachi Shearsby,M,ZA,"Nelco Laboratories, Inc."
153,Kathrine Klain,F,CM,Physician Therapeutics LLC
154,Hewett Klossek,F,ID,L. Perrigo Company
155,Abigale Eighteen,F,PH,Innovatech Inc
156,Sallie Madge,M,PH,A-S Medication Solutions LLC
157,Lida O'Kuddyhy,F,BD,"NCS HealthCare of KY, Inc dba Vangard Labs"
158,Jody Snaith,F,RU,Kinzua Environmental Inc.
159,Murielle Rohlf,F,CN,Apotheca Company
160,Giorgio Hirche,F,AM,Sunovion Pharmaceuticals Inc.
161,Clayborne Chyuerton,F,RU,Apotex Corp.
162,Luther Kennet,F,SE,"Aplicare, Inc."
163,Loralyn Bichener,M,CO,Lake Erie Medical & Surgical Supply DBA Quality Care Products LLC
164,Martita Kirrage,M,CA,Major Pharmaceuticals
165,Court Olley,F,PT,"Haun Welding Supply, Inc."
166,Shirline Dooley,M,CU,Walgreens
167,Evangeline Prettyjohns,M,CN,Cardinal Health
168,Duffie Borzoni,M,FR,"Liberty Pharmaceuticals, Inc."
169,Alain Tillard,M,RU,Teva Pharmaceuticals USA Inc
170,Willie Randlesome,M,PT,Ecolab Inc.
171,Tanner Dillway,F,JP,Proficient Rx LP
172,Hilarius Tarbard,M,BR,Macleods Pharmaceuticals Limited
173,Maryl Pirazzi,F,CN,Carilion Materials Management
174,Margeaux Nowill,F,US,Eli Lilly and Company
175,Deeanne Camlin,M,NG,ARAMIS INC.
176,Marjy Aird,M,ID,King Bio Inc.
177,Keefer Calow,M,CN,Sanum Kehlbeck GmbH & Co. KG
178,Tedd Duding,F,GB,3M ESPE Dental Products
179,Lindie Griffen,F,US,"Glenmark Generics Inc.,USA"
180,Idalia Iuorio,F,NI,Care One (American Sales Company)
181,Virgil Belle,M,VN,Premier Value
182,Nicola Jaulmes,M,CN,American Health Packaging
183,Townsend McKee,M,PT,"Takeda Pharmaceuticals America, Inc."
184,Ellswerth McAndrew,F,CN,State of Florida DOH Central Pharmacy
185,Honoria Avramchik,F,CO,Walgreen Company
186,Jerrilyn Leys,F,PL,Par Pharmaceutical Inc.
187,Garald Dunmore,M,VN,Cardinal Health
188,Tasha Haslehurst,M,BY,Novartis Pharmaceuticals Corporation
189,Alecia Hutt,F,BR,Premier Brands of America Inc.
190,Rice Kleinmintz,M,CN,Cadila Healthcare Limited
191,Jocelyne Simion,M,UA,"Koh Gen Do USA, Inc"
192,Kriste McKechnie,M,NO,Rebel Distributors Corp
193,Magdalen Clemenzo,F,RS,"Mycone Dental Supply Co., Inc DBA Keystone Industries and Deepak Products Inc"
194,Grantham Panketh,M,KZ,Sandoz Inc
195,Ddene Shelbourne,M,PH,"Nelco Laboratories, Inc."
196,Melinde Danielovitch,F,PK,E. Fougera & Co. a division of Fougera Pharmaceuticals Inc.
197,Lionello Flude,M,CA,"Nelco Laboratories, Inc."
198,Kalinda Summerskill,F,ID,CVS PHARMACY
199,Holmes Labadini,F,AR,Aurobindo Pharma Limited
200,Orella Akroyd,F,CN,Gadal Laboratories Inc
201,Basia O'Kinedy,F,SL,Target Corporation
202,Dasi Denzilow,M,PE,Fred's
203,Madison Keighley,F,KZ,"MallyGirl, LLC"
204,Willette Leonards,F,CZ,REMEDYREPACK INC.
205,Xever Gullyes,F,PT,Cantrell Drug Company
206,Shoshanna Tomkins,M,ID,Rite Aid Corporation
207,Cecilia Haacker,M,PE,"Inel Cosmetics Co., Ltd."
208,Stacy Negro,M,CZ,Fresenius Medical Care North America
209,Keary Row,M,CN,West-Ward Pharmaceutical Corp
210,Quinn Brandino,F,US,Laboratoires Clarins S.A.
211,Ardelia Brockett,M,MA,"PD-Rx Pharmaceuticals, Inc."
212,Mario Leheude,M,ID,"Physicians Total Care, Inc."
213,Gretel Tattersfield,M,US,STAT Rx USA LLC
214,Nichol Andreu,M,US,"Pharmaceutical Associates, Inc."
215,Barrett Nulty,F,GR,"The Man Can, LLC"
216,Cleveland Jaquet,M,US,"Genesis Pharmaceutical, Inc."
217,Bridget Calendar,M,ID,Bare Escentuals Beauty Inc.
218,Emily Attwell,M,GH,Amerisource Bergen
219,Ulysses Abrahams,M,PH,"Preferred Pharmaceuticals, Inc."
220,Hill Tue,F,CZ,Valeant Pharmaceuticals North America LLC
221,Wadsworth McGebenay,F,CN,Rebel Distributors Corp.
222,Hillery Dabell,F,ID,"Caresteam Health, Inc."
223,Arri Benneyworth,F,PT,"Deseret Biologicals, Inc."
224,Armando De Domenico,F,PL,Similasan Corporation
225,Fleming Weitzel,M,CO,Greenstone LLC
226,Rooney Rosendahl,F,UA,Wockhardt USA LLC.
227,Constancy Watters,F,LY,"Liddell Laboratories, Inc."
228,Melonie Vanichkin,F,CN,Dynarex Corporation
229,Lonnie Skarman,M,CN,Duane Reade
230,Marci Doswell,F,CN,Par Pharmaceutical Inc.
231,Reinhold Pales,M,CN,Merck Sharp & Dohme Corp.
232,Abigael Whistlecraft,M,US,Sunmark
233,Elianore Purdon,F,PH,"Dolgencorp, Inc. (DOLLAR GENERAL & REXALL)"
234,Kimball McCroft,M,CA,"Nelco Laboratories, Inc."
235,Wilfred Witherow,M,CN,"Newton Laboratories, Inc."
236,Berkeley Boards,F,CN,Motion Medicine Inc.
237,Nanci Hitzmann,F,CO,"Physicians Total Care, Inc."
238,Broddie Zamora,M,VN,H E B
239,Marlo Strewthers,M,ID,Greenstone LLC
240,Regan Ell,M,LI,"BioActive Nutritional, Inc."
241,Sorcha Simmans,M,ID,"Hospira, Inc."
242,Jeth Radke,F,BR,ART COSMETICS SRL
243,Terence Premble,M,CN,philosophy
244,Carmelle Cobello,M,PL,Bioelements
245,Miguela Petrozzi,F,CN,"Toys""R""Us, Inc."
246,Clerc Gittis,F,CN,"E.R. Squibb & Sons, L.L.C."
247,Giusto Trevon,F,ID,REMEDYREPACK INC.
248,Magdaia Miskin,M,TH,"Antigen Laboratories, Inc."
249,Moyna Kenton,M,ID,"Greenbrier International, Inc."
250,Godfry Over,F,GE,KAISER FOUNDATION HOSPITALS
251,Joleen Scarratt,M,KM,REMEDYREPACK INC.
252,Myer Godden,M,PH,"UDL Laboratories, Inc."
253,Darsey Featherstone,M,ID,A-S Medication Solutions LLC
254,Elvina Pleasants,M,ID,Save-A-Lot Food Stores Ltd
255,Jonathon Ludl,M,CN,"Dermazone Solutions, LLC"
256,Brittaney Pering,F,CN,"Altura Pharmaceuticals, Inc."
257,Jordon Demann,M,TJ,"Hospira, Inc."
258,Sybille Jime,M,PY,Glenmark Generics Inc. USA
259,Sebastien Mathelon,F,SY,Unifirst First Aid Corporation
260,Gannon Yeoland,M,CN,Teva Pharmaceuticals USA Inc
261,Sid Henstone,F,ID,"Rising Pharmaceuticals, Inc."
262,Nicoli Earengey,F,TG,ORLANE S.A.
263,Krystyna Sieve,M,FR,BCM Ltd
264,Levin Du Plantier,F,CZ,"AMI Cosmetic Co.,Ltd."
265,Jake Brownsword,M,RU,Publix Super Markets Inc
266,Cami Abbyss,M,EC,Apotex Corp.
267,Cathlene Crumley,M,ID,Uriel Pharmacy Inc.
268,Rossie Graver,M,CU,"Prestige Brands Holdings, Inc."
269,Gianni Cordie,M,FR,Citron Pharma LLC
270,Kelley Byrth,M,CN,"American Regent, Inc."
271,Orin Gwyneth,F,CN,AnazaoHealth Corporation
272,Karmen Crumbleholme,M,FR,"Physicians Total Care, Inc."
273,Burg Vautin,F,ID,"Elizabeth Arden, Inc"
274,Wash Cattel,F,NZ,"Vitality Works, Inc."
275,Jackie Semble,M,PT,H E B
276,Mathias Parkisson,M,BR,International Beauty Exchange
277,Skip Ioannidis,M,MA,Medicis Pharmaceutical Corp
278,Darleen Kaliszewski,M,RU,REMEDYREPACK INC.
279,Mollie Snoxell,F,US,Procter & Gamble Manufacturing Company
280,Worthy Kunz,M,ID,RxPak Division of McKesson Corporation
281,Ida Pareman,F,CN,Citron Pharma LLC
282,Luce Goude,F,PH,"Allermed Laboratories, Inc."
283,Rafa Moret,F,PH,Walgreen Co.
284,Kari Wilhelmy,F,GR,Valeant Pharmaceuticals North America LLC
285,Anetta McDuff,F,CN,Patcos Cosmetics (India) Private Limited
286,Euphemia Daborne,M,PL,International Cosmetics Ltd.
287,Desi Pheazey,M,SE,"Physicians Total Care, Inc."
288,Heriberto Stieger,F,MD,Rebel Distributors Corp
289,Udall Figura,F,MN,Meijer Distribution Inc
290,Issie Klimecki,F,CA,"GRIFOLS USA, LLC"
291,Daile Scemp,M,PH,"Hawaii Home Infusion Associates, Ltd."
292,Jerad Redon,F,RU,Sun Pharma Global FZE
293,Constantine Matasov,F,RS,"Boca Pharmacal, LLC"
294,Madelon Haggas,F,US,REMEDYREPACK INC.
295,Berte Calverd,M,RU,"Nelco Laboratories, Inc."
296,Toby Dobkin,M,MG,CVS Pharmacy
297,Karlotta Patrone,F,CN,"Qualitest Pharmaceutical, Inc."
298,Merola McCorrie,M,CN,Pharmacia and Upjohn Company
299,Warren Lutty,M,CN,Rugby Laboratories
300,Melinde Goreway,F,PL,"Chattem, Inc."
301,Abigael Conybear,M,CL,Noxell
302,Aileen Gibben,F,TN,Novadaq Technologies Inc.
303,Norry Milby,M,RS,"ALK-Abello, Inc."
304,Andrew Vasnev,M,CZ,Neutrogena Corporation
305,Griffin Pardue,F,CN,A-S Medication Solutions LLC
306,Karine Whiff,M,ID,WALGREENS Co.
307,Fredric Spino,F,US,"Fresenius Kabi USA, LLC"
308,Milena Havers,F,CN,Cronus Pharma LLC
309,Rubia O'Corhane,M,CN,GE Healthcare Inc.
310,Kamila Flower,M,RU,Natural Health Supply
311,Lelah Gotmann,M,GT,Kroger Company
312,Lacy Duckit,M,CO,General Distributing Company
313,Jamison Tandey,F,ID,Intercell Biomedical LTD
314,Bev Teulier,F,NO,ORIGINS NATURAL RESOURCES INC
315,Farrand Bromby,M,SE,Eight and Company
316,Kermy Elcoate,F,AR,"Wyeth Pharmaceuticals Inc., a subsidiary of Pfizer Inc."
317,Amalle Slevin,M,MG,Cardinal Health
318,Hanny Austin,M,CN,"Roxane Laboratories, Inc"
319,Johny Pashbee,F,CN,Unit Dose Services
320,Rubia Glowach,F,PH,Mylan Pharmaceuticals Inc.
321,Lewie Grinikhinov,M,JP,Rebel Distributors Corp.
322,Susan Lorraine,F,CN,"SHOPKO STORES OPERATING CO., LLC"
323,Anetta Pautard,F,CN,"Golden State Medical Supply, Inc"
324,Rubi Coysh,M,CN,"Lupin Pharmaceuticals, Inc."
325,Angelita Pereira,M,ID,Fresenius Medical Care North America
326,Walton Osmond,F,PL,Advanced Generic Corporation
327,Zoe Russel,F,SE,Kroger Company
328,Dulcy Deekes,F,CO,Major Pharmaceuticals
329,Nikkie Scriven,F,AF,Major Pharmaceuticals
330,Celesta Caunt,M,SE,YUYAO CHENGZE MEDICAL SUPPLIES FACTORY
331,Gabby Screach,F,EG,Meijer Distribution Inc
332,Avis Ducrow,M,PL,"Concept Laboratories, Inc."
333,Leonidas Robart,F,HR,Gen-Source Rx
334,Adiana Tissiman,F,CN,Uriel Pharmacy Inc.
335,Rutger Maddaford,F,ID,Mylan Pharmaceuticals Inc.
336,Ninnetta Flaherty,F,CY,"Aaron Industries, Inc."
337,Rene Songist,M,VE,Aurobindo Pharma Limited
338,Corny Gatch,M,HT,"ALK-Abello, Inc."
339,Corrie Spirit,M,UA,"NeoPharm, USA"
340,Artie Rolse,F,EH,Meijer Distribution Inc
341,Oralee Matzel,M,US,"Antigen Laboratories, Inc."
342,Ivette Hodgen,M,ID,Sandoz Inc
343,Phaedra Verner,M,CN,G. R. Lane Health Products Limited
344,Emerson Haskins,F,RU,Spec Connection International Inc
345,Patin Cusworth,F,CN,Sandoz Inc
346,Trula Minett,M,MD,Pharmaplast SAE
347,Emlynn Trounce,F,PT,Sandoz Inc
348,Pepito Benini,F,BR,"Hospira, Inc."
349,Suzanne Wey,M,CN,REESE PHARMACEUTICAL CO.
350,Dottie Twinbrow,M,RU,"Deseret Biologicals, Inc."
351,Cassaundra Niessen,F,TN,Pfizer Laboratories Div Pfizer Inc
352,Cristen Murton,M,CN,"X-GEN Pharmaceuticals, Inc."
353,Collete Pollington,M,CN,Kroger Company
354,Lindie Renak,F,PL,Alloy Oxygen & Welding Supply Co. Inc.
355,Jay Mazzia,F,MM,"ALK-Abello, Inc."
356,Berte Barhems,F,ID,"Preferred Pharmaceuticals, Inc."
357,Nonnah Curran,M,CN,Army & Air Force Exchange Service
358,Shalom Thorrold,M,CN,Mission Hills S.A de C.V
359,Millard Geroldi,M,UA,Pfizer Laboratories Div Pfizer Inc
360,Angel Coyle,M,HR,"Fresenius Kabi USA, LLC"
361,Waylin Le Noire,F,CN,"FREDS, INC"
362,Brook Landrean,F,SN,L. Perrigo Company
363,Alexandro Cumpton,F,ID,TYA Pharmaceuticals
364,Bruis Delgadillo,M,UA,Parfums Christian Dior
365,Amity McMoyer,M,VE,AmerisourceBergen (Good Neighbor Pharmacy)
366,Wes Hairon,M,CO,"Par Pharmaceutical , Inc"
367,Bailey Carlett,M,GR,Walgreens
368,Delaney Stuffins,M,CN,REMEDYREPACK INC.
369,Sydney Bartaletti,F,ID,TYA Pharmaceuticals
370,Rainer Janning,M,ID,CONOPCO Inc. d/b/a Unilever
371,Rosita Elmhurst,F,CU,Kroger Company
372,Shaine Gobbet,M,CO,Bryant Ranch Prepack
373,Tyson Collumbell,M,PH,Actavis Elizabeth LLC
374,Catrina McGall,F,CN,NARS Cosmetics
375,Babette Pickton,M,FR,"AvKARE, Inc."
376,Alphonso Euels,M,CN,L'Oreal USA Products Inc
377,Brandy Carlesi,F,CN,"Creation's Garden Natural Products, Inc"
378,Mile Burrells,F,GR,"Physicians Total Care, Inc."
379,Armstrong Francescuccio,M,CO,"Hospira, Inc."
380,Tracee cornhill,F,PH,Natural Health Supply
381,Ursulina Roback,F,LU,"Teva Parenteral Medicines, Inc."
382,Kathye Elix,M,FR,Greenstone LLC
383,Fonz Luna,F,JO,"Amneal Pharmaceuticals of New York, LLC"
384,Bea Jeskins,F,UA,"Chain Drug Consortium, LLC"
385,Johann Garlette,M,UA,REMEDY MAKERS
386,Gonzalo Gawthrope,M,ID,Zydus Pharmaceuticals (USA) Inc.
387,Kellina Illston,F,MY,CARROLL COMPANY
388,Mellisa Dumbar,F,ID,State of Florida DOH Central Pharmacy
389,Jeffrey Coltman,M,PH,"ZO Skin Health, Inc."
390,Jens Hardman,F,GR,Novartis Pharmaceutical Corporation
391,Hebert Acome,F,CA,Delon Laboratories (1990) Ltd
392,Mahmud Scholer,F,PH,"Physicians Total Care, Inc."
393,Larissa Liff,F,CN,REMEDYREPACK INC.
394,Roldan Jeandel,M,MX,Apotex Corp.
395,Gavra Willson,M,CA,Mary Kay Inc.
396,Phylis Goodrich,F,JP,"PD-Rx Pharmaceuticals, Inc."
397,Ophelie Schottli,F,GH,"Allergy Laboratories, Inc."
398,Vlad McGahern,F,MK,"Physicians Total Care, Inc."
399,Chelsea Rouch,M,RU,ENCHANTE ACCESSORIES INC.
400,Annaliese MacAllaster,F,ID,REMEDYREPACK INC.
401,Lotti Licari,F,PH,Kremers Urban Pharmaceuticals Inc.
402,Ysabel De la Yglesia,F,LU,Bausch & Lomb Incorporated
403,Syman Barnsdall,F,KZ,Major Pharmaceuticals
404,Ellene Edmonson,M,IR,Clinical Solutions Wholesale
405,Florella Roseblade,M,PT,"Physicians Total Care, Inc."
406,Heidie Clears,F,CZ,"Physicians Total Care, Inc."
407,Elisabeth Friett,F,PE,Rite Aid Corporation
408,Lita Goodbanne,F,ID,REMEDYREPACK INC.
409,Wyndham Mortell,F,CN,State of Florida DOH Central Pharmacy
410,Archambault Almond,M,RU,Welders Supply - Raimy Corporation
411,Alisander Hulcoop,M,BR,"SJ Creations, Inc."
412,Rora Chasemore,M,ID,"Eckson Labs, LLC"
413,Parrnell Hasker,M,HN,Universal Distribution Center LLC
414,Kym Iacobacci,M,CN,"BioActive Nutritional, Inc."
415,Madelon Plaschke,F,US,"Humco Holding Group, Inc."
416,Doreen Epinay,M,CM,"Genentech, Inc."
417,Larine Rate,F,PK,"Gil Manufacturing, Inc."
418,Rudd Sunley,M,PE,Baxter Healthcare Corporation
419,Happy Overton,F,CN,"Glenmark Generics Inc., USA"
420,Clementine Iacobacci,F,UA,RedPharm Drug Inc.
421,Saxe Struan,M,HN,Sandoz Inc
422,Minta Gailor,F,CN,Mylan Institutional LLC
423,Waylen Hartshorn,F,RS,"PD-Rx Pharmaceuticals, Inc."
424,Kendal Youde,F,JP,Pure Source
425,Rois MacAlester,M,RU,Natural Health Supply
426,Amie Gother,F,EG,Meijer Distribution Inc
427,Aksel Thorp,M,SN,"Newton Laboratories, Inc."
428,Augusto Barnsley,M,ID,Kmart Corporation
429,Francoise Flawn,F,PT,American Health Packaging
430,Nicol Pomroy,M,ZW,Sandoz Inc
431,Mikael Saer,F,RU,"Physicians Total Care, Inc."
432,Susanetta Collis,F,PH,"Antigen Laboratories, Inc."
433,Margalo Jachimczak,F,ID,Qualitest Pharmaceuticals
434,Shelden Rogers,F,TH,Harris Teeter
435,Aurelie Bryer,M,SE,"Ningbo Dowland Daily Health Co., Ltd"
436,Vevay Pippin,M,SE,"Nature's Innovation, Inc."
437,Darlene Wright,F,ID,Pure Source Inc.
438,Flora Manclark,M,MU,Jazeera Pharmaceutical
439,Silvain Marcussen,M,CZ,"Golden State Medical Supply, Inc"
440,Edith Gethings,M,SE,"Tom's of Maine, Inc."
441,Sibella Mound,M,NP,"International Labs, Inc."
442,Lauretta Knellen,F,HR,Bare Escentuals Beauty Inc.
443,Doralynne Pate,F,CN,American Sales Company
444,Enid Denmead,F,PE,RC InnPharma Corporation
445,Crin Haydon,F,RU,Jubilant HollisterStier LLC
446,Cash Budibent,F,NL,American Health Packaging
447,Ansley Senechault,F,ID,"Allermed Laboratories, Inc."
448,Leesa Vannini,F,ET,Fresenius Medical Care North America
449,Pietra Jeanequin,F,ID,Universal holdings I LLC dba Smith Brothers Company
450,Orv Boniface,M,SE,"X-GEN Pharmaceuticals, Inc."
451,Rice Pappin,M,CA,Momar Incorporated
452,Valeda McOnie,M,CN,"McNeil Consumer Healthcare Div. McNeil-PPC, Inc"
453,Gunner Nowill,M,ID,"Hisamitsu Pharmaceutical Co., Inc."
454,Jason Wealthall,M,CN,Teva Pharmaceuticals USA Inc
455,Kevyn Ainsby,M,MN,Sagent Pharmaceuticals
456,Marwin Doby,M,MG,"Darby Dental Supply, LLC"
457,Carlee Goodsir,M,PT,"Nelco Laboratories, Inc."
458,Yvon Grissett,M,MD,Rebel Distributors Corp
459,Clare Cotter,M,ID,NorthStar RxLLC
460,Dania Ruppertz,F,SE,Alpine Home Medical Equipment
461,Vannie Bloodworth,M,CN,Dispensing Solutions Inc.
462,Lorette Wathen,M,RU,McKesson
463,Kessia Sayton,M,RU,GlaxoSmithKline Consumer Healthcare LP
464,Merci Musla,M,RU,Roerig
465,Gwenore Desvignes,F,FR,"Amneal-Agila, LLC"
466,Tamara Esome,F,MX,"Warner Chilcott (US), LLC"
467,Ardine Crambie,M,CU,"Eon Labs, Inc."
468,Emlynne Crickmoor,F,FR,Cantrell Drug Company
469,Job Stirrip,F,VN,"Smith & Nephew, Inc."
470,Flinn Bedberry,M,YE,Rebel Distributors Corp
471,Pavia Dolbey,F,CN,Supervalu Inc
472,Karim Chave,M,CN,"Newton Laboratories, Inc."
473,Lynnett Primmer,M,UY,Access Business Group LLC
474,Auberta Semor,M,CZ,REMEDYREPACK INC.
475,Keenan Lammertz,M,GR,A-S Medication Solutions LLC
476,Leoline Tosspell,M,CN,CHANEL PARFUMS BEAUTE
477,Leroi Dollard,F,HR,"Nelco Laboratories, Inc."
478,Carilyn Kester,M,PH,R. L. Williams Company
479,Rianon Rispen,F,CN,Tarte Inc
480,Britt Peal,M,CN,"Antigen Laboratories, Inc."
481,Demott De Gowe,M,MN,DIRECT RX
482,Ave Chaff,M,PT,"Lupin Pharmaceuticals, Inc."
483,Cacilia Randall,F,CN,Eli Lilly and Company
484,Rodolphe Pechard,M,CM,BrandStorm HBC
485,Kathryn Peotz,F,PH,Family Dollar Services Inc
486,Karena Fiveash,M,YE,"GANZ U.S.A., LLC"
487,Xenos MacTurlough,F,FR,Apotex Corp.
488,Michell Hatz,M,ID,Robin Logan Consulting
489,Alvis Vokes,F,PE,A-S Medication Solutions LLC
490,Linea Clutheram,F,RU,Aidarex Pharmaceuticals LLC
491,Concettina Belloch,F,BR,Rebel Distributors Corp
492,Graig McTerry,F,MN,KJI Industrial Co Ltd
493,Aridatha Moggan,M,ID,"Physicians Total Care, Inc."
494,Ellette Farrin,F,HN,"Par Pharmaceutical Companies, Inc."
495,Kenn Adderley,F,CN,"PD-Rx Pharmaceuticals, Inc."
496,Ronni Percifer,M,BR,"Physicians Total Care, Inc."
497,Emmie Cowdrey,M,US,Apotheca Company
498,West Swindon,M,PT,"Dermalogica, Inc."
499,Cassius Jeffries,F,CN,BCM Ltd
500,Beniamino Newark,M,BA,Laboratoires Clarins S.A.
501,Gael Tosdevin,F,YE,Wise Consumer Products
502,Del Gollin,M,NP,"BioActive Nutritional, Inc."
503,Ursula Trew,F,SI,Clinical Solutions Wholesale
504,Pennie Grayer,M,CN,Cardinal Health
505,Tersina Spridgeon,M,PE,"Nelco Laboratories, Inc."
506,Olympie Alltimes,M,IE,Elorac Inc.
507,Lorettalorna Domerc,M,PH,Mylan Pharmaceuticals Inc.
508,Jose Primo,F,TH,"Caraco Pharmaceutical Laboratories, Ltd."
509,Doroteya Benediktsson,M,PS,Carilion Materials Management
510,Esma Cuddehay,M,PH,"APP Pharmaceuticals, LLC"
511,Poul Regan,M,BR,McKesson
512,Cathyleen Milward,F,PE,Uriel Pharmacy Inc.
513,Astrix Oland,F,PE,Access Business Group LLC
514,Tiebold Calvard,F,CN,Target Corporation
515,Cordell Jelleman,M,BR,"Dispensing Solutions, Inc."
516,Micheline Danbury,F,ID,Perrigo New York Inc
517,Raynor Cassedy,M,GR,KEM Pharma LLC
518,Aurelia Gillbee,F,US,"Meijer Distribution, Inc."
519,Romola Seamer,F,KE,Home Smart Products
520,Harwell De Francisci,M,FR,"Allergan, Inc."
521,Vyky Witten,M,MU,"General Injectables & Vaccines, Inc"
522,Harris Wreath,F,SE,"Dolgencorp, LLC"
523,Ric Pomery,F,GR,L?Oreal USA Products Inc
524,Job Krauze,M,PH,"Liberty Pharmaceuticals, Inc."
525,Karia Eddins,F,GR,Lake Erie Medical DBA Quality Care Products LLC
526,Virginia Hales,F,PL,Lake Erie Medical DBA Quality Care Products LLC
527,Randall Stoppe,M,ID,Cintas Corp.
528,Ahmed Dew,M,AR,Jubilant HollisterStier LLC
529,Charlot Bellows,M,TH,Sandoz Inc
530,Jorgan Ebbotts,M,PH,"ALK-Abello, Inc."
531,Pavlov Deniske,M,PS,American Medical Gas LLC
532,Leila Heffer,M,ID,"Antigen Laboratories, Inc."
533,Neila Habens,F,PT,Bayer Bitterfeld GmbH
534,Jeff Misk,F,FR,Kroger Company
535,Marijn Clapp,M,HR,"Nelco Laboratories, Inc."
536,Karalynn Offiler,M,PH,American Health Packaging
537,Jsandye Wafer,M,SY,RECEPTOPHARM INC
538,Marietta Gaskins,F,PT,Mission Product Holdings
539,Ellsworth Dummer,M,CD,"Nelco Laboratories, Inc."
540,Dermot Ipsley,M,CN,"Par Pharmaceutical, Inc."
541,Dione Chesnut,M,RU,Mylan Pharmaceuticals Inc.
542,Cyrill Vakhonin,M,ID,"BioActive Nutritional, Inc."
543,Chancey Lewsam,F,GT,Wakefern Food Corporation
544,Arturo Rewcastle,M,PH,"fiteBac SkinCare, LLC"
545,Bennie Sangar,M,ID,Webb Candy
546,Merissa Bockin,F,CU,"Teva Women's Health, Inc."
547,Klemens Pirrey,F,CN,"NCS HealthCare of KY, Inc dba Vangard Labs"
548,Alanah Shippey,M,FR,REMEDYREPACK INC.
549,Sergei Wheatley,M,ID,Cardinal Health
550,Philip Shervington,F,CN,Kinray
551,Iorgos Crippill,F,ID,Rebel Distributors Corp
552,Blinny Penwarden,M,AM,Ricola USA Inc.
553,Torey Borrill,F,RS,"AMI Cosmetic Co.,Ltd."
554,Evita Syseland,F,BA,Sandoz Inc
555,Hayyim Ikins,F,AF,"Golden State Medical Supply, Inc."
556,Chance Boog,M,CN,"Nelco Laboratories, Inc."
557,Vail Goullee,F,US,"Physicians Total Care, Inc."
558,Terrye Patek,M,MX,L Perrigo Company
559,Henderson Lambourne,M,MX,Sandoz Inc
560,Cloris Livard,M,CR,Apotheca Company
561,Bartolemo McGoon,M,FR,"AvKARE, Inc."
562,Levey Broadwell,M,BR,Washington Homeopathic Products
563,Homerus Maiklem,M,ES,"Nostrum Laboratories, Inc."
564,Emmye Colquhoun,M,PL,Merck Sharp & Dohme Corp.
565,Fransisco Bedinham,F,ID,Contract Pharmacy Services-PA
566,Billy Rilings,M,BR,"ALK-Abello, Inc."
567,Bobbe Parzizek,F,ID,Cintas Corp.
568,Val Tytherton,M,CN,Carilion Materials Management
569,Hortense Tapenden,M,CN,REMEDYREPACK INC.
570,Heath Sibson,F,AR,TOP CARE (Topco Associates LLC)
571,Daile Sedworth,F,PT,Feelgood Health
572,Dmitri Dedham,M,NE,Sandoz Inc
573,Chelsey Adolfson,M,NZ,Cardinal Health
574,Kalie Swift,M,ID,Lake Erie Medical DBA Quality Care Products LLC
575,Angelle Craigmile,F,AE,"Teva Respiratory, LLC"
576,Aeriel Anthon,F,NO,"Allergy Laboratories, Inc."
577,Alexandra Huxtable,F,PE,Tongzhou Ruihong Medical Products Factory
578,Herrick Leyburn,M,AE,"Physicians Total Care, Inc."
579,Julian Shadwick,M,PT,Reckitt Benckiser LLC
580,Wolfy Swatheridge,M,RU,Hydrox Laboratories
581,Wilma Brookfield,F,RS,Aidarex Pharmaceuticals LLC
582,Mirabel Asson,M,BR,Target Corporation
583,Letta Spellesy,M,CN,Cantrell Drug Company
584,Andie Gillopp,F,ID,Fisk Industries
585,Liv Whatham,F,CN,Lake Erie Medical DBA Quality Care Products LLC
586,Davie Banat,M,CR,"Nelco Laboratories, Inc."
587,Jordon Hourihan,F,FR,REMEDYREPACK INC.
588,Iggy Gayden,F,ID,American Health Packaging
589,Demetris Chismon,M,CN,"SJ Creations, Inc."
590,Hillery Foyston,F,ZA,Cardinal Health
591,Alberik Deelay,M,CN,"Preferred Pharmaceuticals, Inc."
592,Tiffy Abazi,M,BW,"BioActive Nutritional, Inc."
593,Benton Dawbury,M,ID,Mylan Institutional Inc.
594,Margery O'Hickey,M,JP,Aurobindo Pharma Limited
595,Esme Barnish,M,CN,International Beauty Exchange
596,Wash Claye,M,GR,CVS Pharmacy
597,Jacqueline Sweetenham,F,CN,Qualitest Pharmaceuticals
598,Franciskus Weatherell,F,RU,Supervalu Inc
599,Tisha Touson,F,AZ,The Procter & Gamble Manufacturing Company
600,Caz Causnett,F,PL,Kroger Company
601,Brandice Veness,F,ID,"Nelco Laboratories, Inc."
602,Filbert Pessolt,M,ID,"H and P Industries, Inc. dba Triad Group"
603,Martha Stimpson,F,RU,Teva Pharmaceuticals USA Inc
604,Justin Igo,M,PT,"La Prairie, Inc."
605,Beck Darthe,M,FR,"Nelco Laboratories, Inc."
606,Annmaria Wyldes,F,CN,Procter & Gamble Manufacturing Co.
607,Tades Luther,M,ZM,Aurobindo Pharma Limited
608,Ellene Ping,M,CN,RedPharm Drug Inc.
609,Rebecka Toopin,F,PL,Ventura Corporation LTD.
610,Gwenora Noni,F,MK,"A&Z Pharmaceutical, Inc."
611,Aura Pescod,M,RU,Rimmel Inc.
612,Ravi McCardle,F,FR,Health Mart
613,Jaquenette Creboe,M,VN,Cardinal Health
614,Maureene Nestor,F,NZ,"Hospira, Inc."
615,Dee dee Hamblyn,M,CN,"Aloe Care International, LLC"
616,Francis Selland,F,CN,Simmyung Pharmaceutical Co Ltd
617,Carolina Doggett,M,MM,Northwind Pharmaceuticals
618,Trstram Creelman,F,ES,"Aldi, Inc"
619,Jory Macartney,M,CO,GlaxoSmithKline LLC
620,Vina Destouche,F,SE,Sam's West Inc
621,Brig Pounder,F,DO,Select Brand
622,Nico Curmi,M,ID,Jafra Cosmetics International Inc
623,Templeton Benditt,F,ID,"NCS HealthCare of KY, Inc dba Vangard Labs"
624,Artus Lewzey,F,MA,Apotheca Company
625,Billie Gingedale,M,PH,McKesson
626,Barton Calderbank,F,CN,"Energique, Inc."
627,Forrest Di Nisco,M,VE,Unit Dose Services
628,Teador Brawson,M,LT,Uriel Pharmacy Inc.
629,Inez Cornuau,F,PH,E. Fougera & Co. a division of Fougera Pharmaceuticals Inc.
630,Karol Blasi,M,GR,"Best Sanitizers, Inc"
631,Amargo Tickner,F,CO,"Glenmark Generics Inc., USA"
632,Madelon Stallion,F,FR,"Laurus Enterprises, LLC"
633,Danella Leeburn,F,FR,Mylan Institutional LLC
634,Sander Lusk,F,GB,mybody
635,Alexio Amberger,M,MD,Galentic Pharma (India) Priva Te Ltd.
636,Helli Kettley,F,ID,Columbia Laboratories
637,Delphinia Kigelman,M,RS,Rebel Distributors Corp.
638,Bertina Smallwood,F,CD,Reckitt Benckiser LLC
639,Shurlocke McLise,M,RU,"Aphena Pharma Solutions - Tennessee, LLC"
640,Kat Whittier,M,ID,"Laura Geller Beauty, LLC"
641,Orin Pinkie,M,CN,Bryant Ranch Prepack
642,Salim Kording,F,CN,Cardinal Health
643,Nanine Du Hamel,F,NG,Cardinal Health
644,Manolo Cardenas,M,MY,Valeant Pharmaceuticals North America LLC
645,Marabel Balcers,M,BR,Kroger Company
646,Gerry Crocker,M,ID,Proficient Rx LP
647,Kelcie Ledger,M,CN,Apotheca Company
648,Heall McAllester,F,IS,"Speer Laboratories, LLC"
649,Editha Blackburne,M,PH,"Antigen Laboratories, Inc."
650,Brew Le Marquand,M,IE,"SOMA Biotechnology Co., Ltd"
651,Laverna Danahar,F,CN,"NCS HealthCare of KY, Inc dba Vangard Labs"
652,Milissent Wynne,F,CN,"Carver Korea Co.,Ltd"
653,Arvie Stredwick,F,ID,Clinical Solutions Wholesale
654,Mirilla Askin,F,PH,"Lannett Company, Inc."
655,Laverne Noyes,F,IE,Lake Erie Medical & Surgical Supply DBA Quality Care Products LLC
656,Boigie Flescher,M,EG,"Antigen Laboratories, Inc."
657,Dael Drydale,F,CN,Physician Therapeutics LLC
658,Salaidh Weymont,F,CN,"Dental Technologies, Inc."
659,Lissi Rawle,F,PL,Harmon Stores Inc.
660,Yvonne Kless,F,AR,"Par Pharmaceutical Companies, Inc."
661,Noam Lindblom,M,MZ,Walgreen Company
662,Jarvis Carr,M,CN,Pharmacia and Upjohn Company
663,Joycelin Langdridge,F,ID,Bryant Ranch Prepack
664,Bond Fludder,M,CA,"Hawthorn Pharmaceuticals, Inc."
665,Carlita Jaggar,M,MX,BF ASCHER AND CO INC
666,Maxy Bullimore,M,ID,"Nelco Laboratories, Inc."
667,Merrie Haddeston,F,RU,NARS COSMETICS
668,Corny Guiduzzi,F,BR,Kamins Dermatologics Inc.
669,Clare Walewski,F,MW,Chain Drug Marketing Association
670,Janet Suddock,M,PT,Stat Rx USA
671,Claybourne Bodocs,M,DO,"McNeil Consumer Healthcare Div. McNeil-PPC, Inc"
672,Kaylil Yaakov,M,RU,Almatica Pharma Inc.
673,Yehudit Wilcocks,M,ID,"WOONSOCKET PRESCRIPTION CENTER,INCORPORATED"
674,Henrik Kitchenside,M,CN,American Sales Company
675,Nadine Faber,M,RS,WAL-MART STORES INC
676,Alida Wenman,F,ID,Supervalu Inc
677,Grayce Brane,F,ID,Bausch & Lomb Incorporated
678,Leicester Ivanisov,F,BR,"ALK-Abello, Inc."
679,Roger Swait,M,CN,Jubilant HollisterStier LLC
680,Tye Dendle,M,CN,"ALK-Abello, Inc."
681,Adolf Laimable,F,ID,BioActive Nutritional
682,Jayne Calbert,M,PW,State of Florida DOH Central Pharmacy
683,Sonja Paine,M,PH,Dr. Reddy's Laboratories Limited
684,Ester Bankes,M,CN,Legacy Pharmaceutical Packaging
685,Georgie Sainthill,F,IR,"Ascend Laboratories, LLC"
686,Kent Beau,M,TH,Rugby Laboratories Inc.
687,Milty Beartup,F,RU,Amgen Inc
688,Riccardo Foucard,M,FR,"SJ Creations, Inc."
689,Godart Hawsby,F,VN,Jubilant HollisterStier LLC
690,Jesus Chevis,F,SE,REMEDYREPACK INC.
691,Ginger Ellerton,F,ID,Mylan Pharmaceuticals Inc.
692,Matteo Illyes,F,CN,Biogen Idec Inc.
693,Mia Farra,F,PH,STAT Rx USA LLC
694,Randi Cribbin,M,ID,Teva Pharmaceuticals USA Inc
695,Kip Lorriman,M,UA,REMEDYREPACK INC.
696,Urban Creffeild,F,PL,"Dharma Research, Inc."
697,Robena Romi,M,ID,"Aphena Pharma Solutions - Tennessee, LLC"
698,Sindee Zelake,F,CN,Topco Associates LLC
699,Kalindi Meugens,M,CN,"SAVE-A-LOT FOOD STORES, LTD."
700,Christen Rozalski,M,PT,"Sato Pharmaceutical Co., Ltd."
701,Hyacintha De Hooch,F,FR,Harmon Stores Inc.
702,Agnese Guiet,F,PH,"Medac Pharma, Inc"
703,Ailsun Mealand,M,AR,Small World Trading Company
704,Gradey Simco,F,CN,Apotheca Company
705,Maurits Lumb,M,ZA,REMEDYREPACK INC.
706,Herby Flewett,M,IR,Valeant Pharmaceuticals North America LLC
707,Catharina Nealand,M,AF,"Daiichi Sankyo, Inc."
708,Marlon Taffe,F,PT,"Amercare Products, Inc"
709,Calley Biddy,M,SA,ENCHANTE ACCESSORIES INC.
710,Harlene Aldhous,F,FR,"BioActive Nutritional, Inc."
711,Maison Joslin,F,PL,Rite Aid Corporation
712,Martainn D'Souza,M,SL,KAISER FOUNDATION HOSPITALS
713,Anabal Merigeau,M,ID,"HAGER WORLDWIDE, INC."
714,Con Georgot,M,PS,"FORTUNE PHARMACAL COMPANY, LIMITED"
715,Latrena Jervis,F,RU,"Allermed Laboratories, Inc."
716,Linnea Biermatowicz,F,SE,BD Rx Inc.
717,Annelise Reese,M,MM,Swabplus Inc.
718,Aldwin Creber,F,ID,Endo Pharmaceuticals
719,Leonore Ambrogiotti,M,FR,Home Smart Products
720,Jehu Faragher,F,FR,King Bio Inc.
721,Sly Ruusa,F,PL,Cintas First Aid & Safety
722,Theressa Cyster,F,CN,"Medimetriks Pharmaceuticals, Inc."
723,Kathryne Fackney,F,FR,O24 Naturals LLC
724,Marcus Borth,F,RU,Major Pharmaceuticals
725,Dorey Wettern,M,TH,Ranbaxy Pharmaceuticals Inc
726,Mela Hearthfield,M,PT,L. Perrigo Company
727,Vittoria Petrillo,M,NL,Meijer Distribution Inc
728,Kendre Basnett,M,MK,"Actavis Pharma, Inc."
729,Carilyn Deplacido,F,MM,SAMDAONE
730,Sherwood Maidment,F,HN,sanofi-aventis U.S. LLC
731,Susann Honnicott,F,SE,American Health Packaging
732,Blancha Killeen,M,PH,"International Medication Systems, Limited"
733,Bambie Swane,F,ID,LANGE SAS
734,Alasteir Dozdill,F,ID,"PD-Rx Pharmaceuticals, Inc."
735,Lori Pagen,F,CN,"NSE Products, Inc."
736,Sasha Jagg,F,CN,"SJ Creations, Inc."
737,Becki Lye,M,AR,"Nibec Co., Ltd"
738,Bert Babcock,F,ID,"Physicians Total Care, Inc."
739,Clara Lakey,F,CN,WAL-MART STORES INC
740,Byrle Isabell,M,ID,"Mist Pharmaceuticals, LLC"
741,Fawnia O'Grogane,F,BR,Apotheca Inc.
742,Rockie Magson,F,CN,Publix Super Markets Inc
743,Lemar Wordsley,M,RU,International Beauty Exchange
744,Addia Gurden,M,SE,"American Regent, Inc."
745,Maridel Blackaller,F,CO,Dr.Reddy's Laboratories Limited
746,Pavla Hogsden,F,MX,"General Injectables & Vaccines, Inc"
747,Felita Oubridge,F,CA,"Cephalon, Inc."
748,Cybill Adame,M,SE,"Burel Pharmaceuticals, LLC"
749,Adelaida Bitchener,F,PT,International Ethical Laboratories
750,Feodora Ruzicka,F,JP,"Blenheim Pharmacal, Inc."
751,Didi Doggrell,M,PH,Amerisource Bergen
752,Khalil Labadini,M,CN,"Akorn, Inc."
753,Kitti Rubinowitch,M,CN,Rhodes Pharmaceuticals L.P.
754,Fidelity Henden,M,PT,AbbVie Inc.
755,Blanca Arnout,M,ID,REMEDYREPACK INC.
756,Bronnie Klamp,F,RU,"Janssen Pharmaceuticals, Inc."
757,Lulu Mugleston,F,CN,Procter & Gamble Manufacturing Company
758,Brennen Tacey,F,CN,Apotheca Company
759,Arabele Corkan,F,BG,"Johnson & Johnson Healthcare Products, Division of McNEIL-PPC, Inc."
760,Margarete Beevors,F,JP,"Global Pharmaceuticals, Division of Impax Laboratories, Inc."
761,Horatia Devennie,F,LT,Uriel Pharmacy Inc.
762,Marco Beckett,M,CA,King Bio Inc.
763,Sophi Fleis,F,CN,Par Pharmaceutical Inc.
764,Karyn Arnaudin,F,ZA,REMEDYREPACK INC.
765,Lia Forsdike,M,TH,General Injectables and Vaccines
766,Lay Thundercliffe,M,EC,"Bare Escentuals Beauty, Inc."
767,Chanda Haggett,F,BR,Heel Inc
768,Angil Tschirschky,M,CN,"Genomma Lab USA, Inc."
769,Fredelia Fearey,M,PE,The Dial Corporation
770,Karna Squelch,F,CN,Cadila Healthcare Limited
771,Adelaide Tomaszczyk,M,RU,"Physicians Total Care, Inc."
772,Enrika Farra,F,KZ,Hyland's
773,Yetty Hornung,F,CN,Walgreen Company
774,Jamey Guihen,M,AF,"Liddell Laboratories, Inc."
775,Quintana Godwyn,M,RS,CA-BOTANA INTERNATIONAL
776,Rafael D'eath,F,PA,Target Corp.
777,Salomone Gopsill,M,QA,REMEDYREPACK INC.
778,Zacharie Boosey,F,ID,"ALK-Abello, Inc."
779,Daryle Cafferty,M,PH,"SKINFOOD CO., LTD."
780,Udell Kelner,M,BR,Aurobindo Pharma Limited
781,Veriee Beiderbeck,F,CN,Cardinal Health
782,Griffie Beincken,F,PT,Kimberly-Clark Corporation
783,Chet Van Schafflaer,F,GR,Parfums Christian Dior
784,Claretta Dewane,M,UA,Meijer Distribution Inc
785,Anna Bolderson,M,CN,Aztex Enterprises
786,Elwyn Bletso,M,PH,"ALK-Abello, Inc."
787,Tiphani Tomovic,F,MY,Amneal Pharmaceuticals
788,Ingelbert Chapelle,F,AZ,"Allure Labs, Inc."
789,Errick Weeden,M,IS,Reckitt Benckiser LLC
790,Berke Fuller,M,CO,"AvKARE, Inc."
791,Elisha Tefft,F,VN,INNOVATION SPECIALTIES
792,Keefer Ortelt,F,CN,"Noven Therapeutics, LLC"
793,Gayla Wigfield,F,BA,Cardinal Health
794,Emmalee Girdler,M,MT,"Solco healthcare U.S., LLC"
795,Lon Duddell,M,PH,NARS COSMETICS
796,Shannen Hackley,F,CN,Prasco Laboratories
797,Riva Paye,F,TH,Medi-Physics Inc.
798,Ogdan Lippini,F,FR,REMEDY MAKERS
799,Helaine Guyer,M,BR,McKesson
800,Eal Medendorp,F,CN,Unifirst First Aid Corporation
801,Tucky Wildash,M,RS,STAT Rx USA LLC
802,June Barlie,M,PH,Community Oxygen Services
803,Keefe Huskinson,F,ID,"Medline Industries, Inc."
804,Goldina Edmott,M,ID,L'Oreal USA Products Inc
805,Drugi Penella,F,GA,"Takeda Pharmaceuticals America, Inc."
806,Clevey Pyvis,F,CN,DZA Brands LLC
807,Helen-elizabeth Wilcott,M,ID,Rebel Distributors Corp
808,Ingrim Revell,M,RU,Ecolab Inc.
809,Ginnie Inseal,M,US,"H.J. Harkins Company, Inc."
810,Theresita Braisby,F,IL,Sandoz Inc
811,Padraic Wakefield,M,PH,Atlantic Biologicals Corps
812,Cedric Mohun,F,CN,"The Yeon Co., Ltd."
813,Brooks Brassill,F,CN,Procter & Gamble Manufacturing Co.
814,Guinna Blasius,M,CN,"Nelco Laboratories, Inc."
815,Bernetta Caughte,F,SE,"Roberts Oxygen Company, Inc."
816,Marty Andriveaux,F,AU,AMOREPACIFIC
817,Deonne Fortin,M,MX,"Hospira, Inc."
818,Waylon Donnan,F,RU,Richmond Oxygen Company Inc.
819,David Brew,F,JP,Cardinal Health
820,Antonino Kilgrew,M,FR,Procter & Gamble Manufacturing Company
821,Carry Guillou,M,CN,Cardinal Health
822,Joelle Petchell,F,NO,"Nelco Laboratories, Inc."
823,Pepillo Verbeek,M,ID,"PD-Rx Pharmaceuticals, Inc."
824,Montgomery Perel,M,UA,"Janssen Products, LP"
825,Bertie Tidcombe,M,FR,"Breckenridge Pharmaceutical, Inc."
826,Bertram Coxhell,M,ID,Corepharma LLC.
827,Alaine Naisbit,F,AZ,E. Fougera & Co. a division of Fougera Pharmaceuticals Inc.
828,Gorden Kingscott,M,CO,"NCS HealthCare of KY, Inc dba Vangard Labs"
829,Vale Aykroyd,F,RU,"Reckitt Benckiser, Inc."
830,Prudence Lenton,F,TH,"Pharmicell Co., Ltd."
831,Glen Dilley,M,ID,"Novartis Consumer Health, Inc."
832,Holly-anne Fould,M,CN,"WOONSOCKET PRESCRIPTION CENTER,INCORPORATED"
833,Vitoria Ditchburn,F,ZA,"Alvogen, Inc."
834,Hanna Henrys,F,UA,Vansen Pharma Inc.
835,Hildegarde Rean,F,CN,"Physicians Total Care, Inc."
836,Faina Stockau,M,BR,Guna spa
837,Beitris Vasentsov,M,ID,"Fresenius Kabi USA, LLC"
838,Garret O'Fairy,M,PH,"PD-Rx Pharmaceuticals, Inc."
839,Drusilla Bryan,F,US,"Actavis Pharma, Inc."
840,Jamaal Audritt,F,TZ,"Mediceutical Laboratories, LTD"
841,Wayne Vouls,F,MN,Topco Associates LLC
842,Charley Aidler,M,SE,NeoStrata Company Inc.
843,Alf Patrone,F,ID,"Tom's of Maine, Inc."
844,Clary Tapp,M,RU,Performance Food Group
845,Agnola Garretts,M,CN,Uriel Pharmacy Inc.
846,Greg Bartoszewicz,F,NL,Uriel Pharmacy Inc.
847,Kevon Auten,F,PH,Major Pharmaceuticals
848,Kendre Clayill,F,PH,Qualitest Pharmaceuticals
849,Flynn Whickman,F,UG,Pro Vera SA
850,Dayle Iddiens,M,JP,Quality Choice
851,Lowrance Kleint,F,AR,"Elizabeth Arden, Inc"
852,Selig Giorgielli,M,PH,BluePoint Laboratories
853,Angelia Jeffry,M,CN,"PD-Rx Pharmaceuticals, Inc."
854,Rickard Hexam,M,FR,Sandoz Inc.
855,Hillery Handling,F,RU,"Ningbo Meiduo General Products Co., Ltd"
856,Burlie Emery,F,PH,Chang Kuo Chou Pharmaceutical Co. Ltd.
857,Tracie Fairbrass,F,PE,Micro Labs Limited
858,Paton Duiguid,F,ID,Sun Pharma Global FZE
859,Sigismund Rowney,F,MG,Advanced Generic Corporation
860,Violet Hurren,F,CN,CARDINAL HEALTH
861,Janette Cornwall,F,TZ,"Innovative Brands, LLC"
862,Drucy Dillaway,M,PH,"Sambria Pharmaceuticals, LLC"
863,Kizzie Reside,M,CN,Pharmacia and Upjohn Company
864,Latrena Sinnock,F,BR,Filo America
865,Alexandrina Fayerbrother,M,ID,"LG Household and Healthcare, Inc."
866,Renata Fattorini,M,PH,Eisai Inc.
867,Licha Choake,F,UA,Prasco Laboratories
868,Britney Janjusevic,M,CN,Bryant Ranch Prepack
869,Poul Fidal,F,BO,"Antigen Laboratories, Inc."
870,Sal Willans,M,HR,CLINIQUE LABORATORIES INC
871,Boot Holson,M,RU,Remedy Makers
872,Erin Faudrie,F,GT,Rite Aid Corporation
873,Niven Harbinson,F,ML,"Shopko Stores Operating Co., LLC"
874,Constantine McGilroy,F,PE,Sandoz Inc
875,Shel Tullot,M,BO,Natural Health Supply
876,Ashlen Winter,M,RU,Kroger Company
877,Penelope Barrows,F,CN,"ALK-Abello, Inc."
878,Flori Blemen,M,ID,Cardinal Health
879,Georgeta Neggrini,M,LR,Meda Consumer Healthcare Inc.
880,Ida Mardoll,M,PS,GlaxoSmithKline LLC
881,Annissa St Ange,F,VE,"AvKARE, Inc."
882,Randal Garfirth,M,CA,"Ventura International, LTD"
883,Syd Styles,M,CM,Parfums Christian Dior
884,Jammal Gorthy,M,CN,REMEDYREPACK INC.
885,Jana Kase,F,JO,"CooperSurgical, Inc."
886,Daniel Lanfranconi,M,LK,"BioActive Nutritional, Inc."
887,Terrijo Risborough,M,ID,Ventura Corporation LTD
888,Terri Haysom,F,RU,McKesson
889,Bailey Micah,F,CN,"Antigen Laboratories, Inc."
890,Pascale Garvan,F,RU,Safeway
891,Eliot Peirson,M,RU,"Salix Pharmaceuticals, Inc."
892,Jerrome Mauditt,M,BR,Alaven Pharmaceutical LLC
893,Carlota Kidsley,F,RU,Mylan Institutional Inc.
894,Gisele Buntain,F,LS,McKesson
895,Claudetta Mucklo,F,FR,"Nelco Laboratories, Inc."
896,Dwayne D'Angeli,M,PY,"Janssen Pharmaceuticals, Inc."
897,Hilary Tilney,M,DK,AMERICAN SALES
898,Melba Gosland,F,PL,Procter and Gamble Manufacturing Company
899,Borden Dyka,M,UA,Janssen Cosmetics GmbH
900,Miran D'Hooghe,M,CN,Atlantic Biologicals Corps
901,Conni Ditt,M,PH,Perrigo Company
902,Ryun Simak,F,CN,Mylan Institutional LLC
903,Horatio Sergison,F,RU,Ventura Corporation LTD.
904,Cara Napper,M,PH,"HANBUL COSMETICS CO., LTD."
905,Krystalle Leicester,F,TH,Rebel Distributors Corp.
906,Hadley Cheng,M,UA,Bryant Ranch Prepack
907,Simonette Dorricott,M,TH,REMEDYREPACK INC.
908,Delora Petri,F,CA,"Church & Dwight Co., Inc."
909,Willow Mulvey,M,PE,Merck Sharp & Dohme Corp.
910,Gareth Dybell,M,RU,Shionogi Inc.
911,Ebony Raoult,F,MA,Coty US LLC
912,Greggory Izhaky,M,FR,"LNK International, Inc."
913,Purcell MacCaghan,F,ML,Ventura Corporation LTD.
914,Cristobal Denizet,F,CN,American Health Packaging
915,Read Kenan,M,GR,Cardinal Health
916,Lisha Carah,F,MX,StarCap Medical Private Limited
917,Michaelina Brownsill,M,ID,Supervalu Inc
918,Grata Ratcliffe,M,MD,Uriel Pharmacy Inc.
919,Horst Von Der Empten,F,CN,Natural Health Supply
920,Justina Lantuffe,M,TH,Novartis Pharmaceuticals Corporation
921,Johnna Elsie,F,MX,"Hospira, Inc."
922,Vanya Shrawley,M,CN,"CarWin Pharmaceutical Associates, LLC"
923,Doyle Spain-Gower,F,RU,Energetix Corp
924,Kaela Darkins,F,GR,Blaine Labs Inc.
925,Laural Montrose,F,ID,"Nelco Laboratories, Inc."
926,Anastasia Bowman,F,FR,"Physicians Total Care, Inc."
927,Marnia Ponceford,M,CN,Physician Therapeutics LLC
928,Julio Crimpe,F,GR,Kinray Inc.
929,Paulie Ponter,M,CN,Lake Erie Medical DBA Quality Care Products LLC
930,Silva Seggie,M,RU,Ventura Corporation LTD
931,Filide Giovanardi,M,MD,"MedVantx, Inc."
932,Pedro Beers,F,FI,REMEDYREPACK INC.
933,Royall Crolla,F,ZA,Lake Erie Medical DBA Quality Care Products LLC
934,Andrei Prestwich,F,CN,My Habitat Brands LLC
935,Harriet Lipyeat,M,PL,"International Medication Systems, Limited"
936,Joseph McDonough,M,MN,"Taro Pharmaceuticals U.S.A., Inc."
937,Marylee Warboy,F,UG,Rite Aid
938,Mayne Mogg,F,TZ,A-S Medication Solutions LLC
939,Catlin Rock,M,MY,West-ward Pharmaceutical Corp
940,Mitch Kindley,M,ID,Walgreen Company
941,Nedi Morgen,F,PT,"Chain Drug Consortium, LLC (Premier Value)"
942,Odette Cuttelar,F,GR,"Rising Pharmaceuticals, Inc."
943,Gilberta Laydel,M,CN,Kinray
944,Alyse Aslet,F,FR,Meijer Distribution Inc
945,Romona De Lisle,M,IE,"Allermed Laboratories, Inc."
946,Felizio Dilliston,F,BR,Aidarex Pharmaceuticals LLC
947,Rich Pepis,F,GB,Ulta
948,Patton Strute,M,TZ,"Upsher-Smith Laboratories, Inc."
949,Hewett Hulland,M,MA,Medi-Physics Inc.
950,Gillan Aldersey,M,VE,McKesson Contract Packaging
951,Justin Molson,F,JP,REMEDYREPACK INC.
952,Ulick Haimes,M,MD,Major Pharmaceuticals
953,Erek Filde,M,RU,"Sun & Skin Care Research, Inc"
954,Hilton Eveling,M,CO,Aurobindo Pharma Limited
955,Gretta Ivamy,F,CN,"Roxane Laboratories, Inc."
956,Michel Hallan,M,ID,Zydus Pharmaceuticals (USA) Inc.
957,Lenora Dauber,F,ID,REMEDYREPACK INC.
958,Melly Praton,M,CA,Apotheca Company
959,Laryssa Klaves,M,PT,"Dolgencorp, LLC"
960,Dionisio Klemencic,M,PH,Clinical Solutions Wholesale
961,Sutherland Garfoot,M,PS,"Richmond Pharmaceuticals, Inc."
962,Hans Husbands,M,RU,"SJ Creations, Inc."
963,Neysa Cisar,F,ID,"Newton Laboratories, Inc."
964,Warren Camoletto,M,CN,"GRIFOLS USA, LLC"
965,Jordon Blyth,F,MK,"Salado Sales, Inc."
966,Melisande Knevit,F,CN,"Akorn, Inc."
967,Far Kemster,M,CN,"Shopko Stores Operating Co., LLC"
968,Masha Beche,F,YE,"Cypress Pharmaceutical, Inc."
969,Caresse Chadband,F,BR,Citron Pharma LLC
970,Phillida Hordell,F,GR,Proficient Rx LP
971,Gage Maestro,F,ID,Teva Pharmaceuticals USA Inc
972,Franny Caunce,M,ES,A-S Medication Solutions LLC
973,Dall Stivani,F,CO,"Aton Pharma, Inc."
974,Kinsley Guard,F,ID,"AvKARE, Inc."
975,Lilia Newburn,M,CN,Wockhardt USA LLC.
976,Kailey Dreng,M,AU,"Phoenix Global Supply Group, Inc."
977,Dalton Thurley,M,CN,"Bristol-Myers Squibb de Mexico, S. de R.L. de C.V."
978,Karol Battisson,F,KE,"BioComp Pharma, Inc."
979,Addy Joliffe,M,AT,"Demoulas Super Markets, Inc"
980,Darbee Petzold,F,PH,"Allergy Laboratories, Inc."
981,Mirabelle Mathy,M,US,"Alvogen, Inc."
982,Bevvy Trevaskus,F,RU,Linde Gas North America LLC
983,Gayle Chelsom,M,CN,Aurobindo Pharma Limited
984,Pierre Lorenc,F,BF,Darby Dental Supply Co
985,Decca Duckels,F,CN,CHANEL PARFUMS BEAUTE
986,Katherina Brisker,M,PE,Sandoz Canada Inc
987,Cornie Faire,F,CZ,"Hospira, Inc."
988,Nora Tudhope,M,JP,REMEDYREPACK INC.
989,May Wybrow,F,AR,Meijer Distribution Inc
990,Mag Bendall,M,PE,Family Dollar Services Inc.
991,Cazzie Richardot,M,TZ,Qualitest Pharmaceuticals
992,Helen Haskett,M,ID,"Antigen Laboratories, Inc."
993,Rachael Dearan,F,CN,Apotex Corp.
994,Walden Mowle,F,JO,Rejoice International
995,Seymour Yabsley,M,CN,James Supply and Rental Company
996,Foster Quincey,M,DE,Jafra Cosmetics International Inc
997,Kellia Kares,F,RU,Oral-B Laboratories
998,Orazio Skellington,F,ID,"The Yeon Co., Ltd."
999,Seward Buttery,F,CO,Cantrell Drug Company
1000,Crawford Risborough,M,PL,"NATURE REPUBLIC CO., LTD."
